train_loss,epoch,step
1.0063281059265137,0,49
1.0133914947509766,1,99
1.0615403652191162,1,149
1.042672038078308,2,199
1.096630573272705,2,249
1.0145063400268555,3,299
1.0408778190612793,3,349
0.9432440400123596,4,399
1.0082756280899048,4,449
1.0059946775436401,5,499
1.0232479572296143,6,549
0.9868852496147156,6,599
0.9357186555862427,7,649
1.007314682006836,7,699
1.0439447164535522,8,749
1.0492337942123413,8,799
0.9640296101570129,9,849
0.9963231682777405,9,899
