train_loss,epoch,step
1.0988798141479492,0,49
1.0994616746902466,0,99
1.1013997793197632,0,149
1.0890504121780396,0,199
1.0831079483032227,0,249
1.0987039804458618,0,299
1.0987581014633179,0,349
1.0803518295288086,0,399
1.0578687191009521,0,449
1.0978606939315796,0,499
1.0628974437713623,0,549
1.0468289852142334,0,599
1.1286066770553589,0,649
1.1188480854034424,0,699
1.0673924684524536,0,749
1.0683252811431885,0,799
1.0805987119674683,0,849
1.0893480777740479,0,899
