train_loss,epoch,step
1.0023343563079834,0,49
0.9961761832237244,1,99
1.0119799375534058,1,149
1.016180396080017,2,199
1.0310865640640259,2,249
1.031649112701416,3,299
0.8481833338737488,3,349
1.0118331909179688,4,399
0.9399501085281372,4,449
1.0318881273269653,5,499
1.1148799657821655,6,549
1.010745644569397,6,599
0.9641055464744568,7,649
0.9593484997749329,7,699
0.9580847024917603,8,749
0.9617927074432373,8,799
0.9531857371330261,9,849
1.0474649667739868,9,899
