train_loss,epoch,step
1.0986120700836182,0,49
1.0986120700836182,1,99
1.0986120700836182,1,149
1.0986121892929077,2,199
1.0986119508743286,2,249
1.0986119508743286,3,299
1.0986121892929077,3,349
1.0986120700836182,4,399
1.0986120700836182,4,449
1.0986120700836182,5,499
1.0986121892929077,6,549
1.0986120700836182,6,599
1.0986120700836182,7,649
1.0986121892929077,7,699
1.0986120700836182,8,749
1.0986121892929077,8,799
1.0986120700836182,9,849
1.0986121892929077,9,899
