train_loss,epoch,step
1.0117062330245972,0,49
0.9762952923774719,1,99
1.0470529794692993,1,149
1.072880506515503,2,199
1.0370163917541504,2,249
0.9889099597930908,3,299
1.0483282804489136,3,349
1.059565782546997,4,399
1.0086802244186401,4,449
1.0409897565841675,5,499
0.9772936701774597,6,549
1.0164198875427246,6,599
0.9859528541564941,7,649
0.9925228357315063,7,699
1.067491054534912,8,749
0.9653335809707642,8,799
1.0199637413024902,9,849
0.9789542555809021,9,899
