train_loss,epoch,step
1.0717334747314453,0,49
0.9722987413406372,1,99
1.0725605487823486,1,149
0.9884978532791138,2,199
1.0104483366012573,2,249
0.9585266709327698,3,299
0.9934900999069214,3,349
0.9403619170188904,4,399
1.0307339429855347,4,449
1.0810964107513428,5,499
0.983884871006012,6,549
0.9289109110832214,6,599
0.9202338457107544,7,649
1.0463029146194458,7,699
0.9982996582984924,8,749
0.9926207661628723,8,799
1.0676946640014648,9,849
0.9928281307220459,9,899
